Feature,Type,Importance,CI_Lower,CI_Upper,Error_Margin,Direction,Impact_Code,Component_A,Component_B,Normalized_Importance
quantity_level=1vs1,Main Effect,0.9583825650427448,0.9363306885347545,0.9833534912317041,0.023511401348474792,Negative (Promotes 0),NEG,quantity_level=1vs1,-,0.09005089657340269
person3_color=black,Main Effect,0.4796823726417714,0.477200798405705,0.4821706510015236,0.0024849262979093067,Negative (Promotes 0),NEG,person3_color=black,-,0.045071591765572225
person3_color=white,Main Effect,0.4390325917183374,0.43634222402309886,0.44174236838336434,0.00270007218013274,Positive (Promotes 1),POS,person3_color=white,-,0.04125208445065737
quantity_level=1vs5,Main Effect,0.33560622334876844,0.3283223816255137,0.3431243257223412,0.007400972048413751,Positive (Promotes 1),POS,quantity_level=1vs5,-,0.031534005741039664
person3_gender=female,Main Effect,0.3193142357005565,0.31723417045489555,0.3215180505849934,0.0021419400650489195,Negative (Promotes 0),NEG,person3_gender=female,-,0.03000318897934403
person3_gender=male,Main Effect,0.3007987755156221,0.29792694504513106,0.3037526951602728,0.002912875057570874,Positive (Promotes 1),POS,person3_gender=male,-,0.02826345178989702
quantity_level=1vs10,Main Effect,0.29032419448753277,0.28326312574457735,0.29714565723714936,0.006941265746286007,Positive (Promotes 1),POS,quantity_level=1vs10,-,0.027279246267785783
person1_color=black,Main Effect,0.2463226525763349,0.2442861959956477,0.24834763517416497,0.002030719589258642,Positive (Promotes 1),POS,person1_color=black,-,0.023144803046211946
person1_color=white,Main Effect,0.23350665724514216,0.23112736466702838,0.23591613014185664,0.00239438273741413,Negative (Promotes 0),NEG,person1_color=white,-,0.021940595131595953
person2_color=black & person3_color=white,Interaction,0.2156185088840969,0.2135993047172334,0.21741553260683324,0.0019081139447999218,Interference (-),NEG,person2_color=black,person3_color=white,0.020259800992902158
person2_color=black & person3_color=black,Interaction,0.1824570976852885,0.18083772722895036,0.18396609441616116,0.0015641835936053977,Interference (-),NEG,person2_color=black,person3_color=black,0.017143910826474953
person2_color=white & person3_color=white,Interaction,0.16940224290921813,0.1676757892271985,0.171024962946216,0.0016745868595087476,Interference (-),NEG,person2_color=white,person3_color=white,0.015917259361703916
person2_color=white & person3_color=black,Interaction,0.1587742388606126,0.15741682777567234,0.16005924768841753,0.001321209956372596,Interference (-),NEG,person2_color=white,person3_color=black,0.014918638009154587
person2_gender=male,Main Effect,0.12396475669049177,0.12144070804209026,0.12616713081046277,0.002363211384186256,Negative (Promotes 0),NEG,person2_gender=male,-,0.011647892909012402
person1_gender=male,Main Effect,0.11579128445390131,0.1136572480916403,0.11808430089200427,0.002213526400181985,Positive (Promotes 1),POS,person1_gender=male,-,0.010879902620092696
person2_gender=female,Main Effect,0.11029140560653677,0.10821294558636878,0.11232342839589361,0.0020552414047624173,Positive (Promotes 1),POS,person2_gender=female,-,0.010363126711060816
person1_color=white & person2_color=white,Interaction,0.10689117796231845,0.1055387383728741,0.10823109529060497,0.0013461784588654352,Synergy (+),POS,person1_color=white,person2_color=white,0.01004363681309729
quantity_level=1vs1 & quantity_level=1vs2,Interaction,0.10566024731443867,0.1028811221062954,0.10832870462381901,0.002723791258761807,Interference (-),NEG,quantity_level=1vs1,quantity_level=1vs2,0.009927976937276917
person1_color=black & person2_color=black,Interaction,0.10519307033651751,0.10385017033910106,0.10648617288471042,0.0013180012728046808,Synergy (+),POS,person1_color=black,person2_color=black,0.009884080368980752
person1_gender=female,Main Effect,0.09315359675228908,0.09137215309162425,0.09517331036497559,0.0019005786366756705,Negative (Promotes 0),NEG,person1_gender=female,-,0.008752835467334182
person1_color=white & person2_color=black,Interaction,0.07942729828623,0.0781079801569804,0.08060183013797767,0.001246924990498638,Synergy (+),POS,person1_color=white,person2_color=black,0.007463094263154813
person1_color=black & person2_color=white,Interaction,0.0775801987217924,0.07653956793598365,0.07863859698106114,0.0010495145225387428,Synergy (+),POS,person1_color=black,person2_color=white,0.00728953833892895
person2_color=white,Main Effect,0.06879419796420173,0.06703765826913465,0.07058839000003093,0.0017753658654481447,Negative (Promotes 0),NEG,person2_color=white,-,0.006463994057997307
quantity_level=1vs10 & quantity_level=1vs5,Interaction,0.06530330348720913,0.06354936025038245,0.06712196474094848,0.0017863022452830127,Synergy (+),POS,quantity_level=1vs10,quantity_level=1vs5,0.006135984984207131
person1_profession=low,Main Effect,0.06202332962521833,0.0602270661234432,0.06388917410660744,0.0018310539915821177,Negative (Promotes 0),NEG,person1_profession=low,-,0.005827794291071532
person1_profession=high,Main Effect,0.060714770349720004,0.05893856692595838,0.062402064548033466,0.0017317488110375444,Positive (Promotes 1),POS,person1_profession=high,-,0.005704840326468878
person2_profession=high,Main Effect,0.05365335781414905,0.051940095053177496,0.055432738379847815,0.0017463216633351597,Negative (Promotes 0),NEG,person2_profession=high,-,0.0050413406415862885
person1_color=black & person3_color=white,Interaction,0.05132672309193834,0.04984616679213795,0.05277608325732407,0.0014649582325930617,Synergy (+),POS,person1_color=black,person3_color=white,0.00482272695809911
person2_profession=low,Main Effect,0.048739663928660255,0.04710129297257786,0.05042247597321405,0.0016605915003180954,Positive (Promotes 1),POS,person2_profession=low,-,0.004579643448820915
person2_color=black,Main Effect,0.048039811459145404,0.04653347989832872,0.049444888380738065,0.001455704241204673,Positive (Promotes 1),POS,person2_color=black,-,0.004513884382819844
person1_color=white & person3_color=white,Interaction,0.04760992476284308,0.04635004661353432,0.04885559608184592,0.0012527747341558003,Synergy (+),POS,person1_color=white,person3_color=white,0.004473491658829423
quantity_level=1vs2,Main Effect,0.04657971328329416,0.04463545252373829,0.048462388812701804,0.001913468144481758,Negative (Promotes 0),NEG,quantity_level=1vs2,-,0.004376691622207874
quantity_level=1vs10 & person3_gender=male,Interaction,0.04521281505750155,0.04330482861377101,0.04715081797067981,0.001922994678454401,Synergy (+),POS,quantity_level=1vs10,person3_gender=male,0.004248256052481365
quantity_level=1vs5 & person2_color=white,Interaction,0.044615591079851025,0.04307185076969916,0.04623741263467832,0.001582780932489581,Synergy (+),POS,quantity_level=1vs5,person2_color=white,0.004192140095655539
quantity_level=1vs10 & person1_profession=low,Interaction,0.044472399002440405,0.042642491386796176,0.046194310759105836,0.00177590968615483,Synergy (+),POS,quantity_level=1vs10,person1_profession=low,0.004178685578197305
person3_profession=high,Main Effect,0.04371695149910065,0.04232227125836324,0.045179126252688544,0.0014284274971626508,Positive (Promotes 1),POS,person3_profession=high,-,0.004107702729102121
quantity_level=1vs10 & person2_color=black,Interaction,0.04177208158014404,0.039995337780326615,0.04347619268866722,0.0017404274541703013,Interference (-),NEG,quantity_level=1vs10,person2_color=black,0.003924960172727599
person1_color=white & person1_gender=male,Interaction,0.04093331418819852,0.0398962064276807,0.041958436048056276,0.001031114810187788,Interference (-),NEG,person1_color=white,person1_gender=male,0.003846148476421479
person3_profession=low,Main Effect,0.040653159474473566,0.03924169725912492,0.04209419440980183,0.0014262485753384554,Negative (Promotes 0),NEG,person3_profession=low,-,0.003819824768050311
person1_color=white & person3_color=black,Interaction,0.04055287784402375,0.039423713561821346,0.0416698837899116,0.0011230851140451269,Synergy (+),POS,person1_color=white,person3_color=black,0.0038104021730853807
quantity_level=1vs10 & person2_color=white,Interaction,0.038854684773232215,0.03734875903068897,0.04031150841139807,0.0014813746903545519,Interference (-),NEG,quantity_level=1vs10,person2_color=white,0.003650837700444232
person1_color=white & person1_profession=high,Interaction,0.03856844058144589,0.037662023250584944,0.03945848674180368,0.0008982317456093687,Interference (-),NEG,person1_color=white,person1_profession=high,0.003623941816640108
person1_color=black & person1_gender=male,Interaction,0.03821854678821763,0.03734563802402649,0.03912575458543162,0.0008900582807025645,Interference (-),NEG,person1_color=black,person1_gender=male,0.003591065331888668
person1_color=black & person1_profession=high,Interaction,0.03752015159307812,0.03671106864234992,0.03833677492195453,0.000812853139802304,Interference (-),NEG,person1_color=black,person1_profession=high,0.0035254431933201685
person1_profession=high & person2_profession=high,Interaction,0.03746873608827547,0.03666244892577288,0.03822463992407093,0.0007810954991490232,Interference (-),NEG,person1_profession=high,person2_profession=high,0.0035206121243148113
quantity_level=1vs10 & person3_color=white,Interaction,0.03716636525462193,0.03568608282285723,0.03878792848780647,0.0015509228324746202,Interference (-),NEG,quantity_level=1vs10,person3_color=white,0.0034922009598578134
quantity_level=1vs5 & person3_color=white,Interaction,0.037052922678266785,0.03565854369419187,0.03867500419667256,0.0015082302512403438,Synergy (+),POS,quantity_level=1vs5,person3_color=white,0.0034815417449649364
person3_color=white & person3_gender=male,Interaction,0.03692820711531424,0.035683157426846,0.038220016446977666,0.0012684295100658313,Synergy (+),POS,person3_color=white,person3_gender=male,0.003469823305304014
quantity_level=1vs5 & person3_profession=low,Interaction,0.03669256641375367,0.03530444919152617,0.038054494792116055,0.0013750228002949415,Interference (-),NEG,quantity_level=1vs5,person3_profession=low,0.0034476821925389168
quantity_level=1vs5 & person3_profession=high,Interaction,0.03664612967045958,0.03529289940840178,0.03799289281984218,0.0013499967057202002,Interference (-),NEG,quantity_level=1vs5,person3_profession=high,0.003443318934566465
quantity_level=1vs1 & person2_profession=high,Interaction,0.03629683236765889,0.0346596711175118,0.03792727116653696,0.0016338000245125807,Synergy (+),POS,quantity_level=1vs1,person2_profession=high,0.0034104984968465124
quantity_level=1vs10 & person3_color=black,Interaction,0.03628895487121506,0.03482849448570241,0.03785207004783583,0.0015117877810667084,Interference (-),NEG,quantity_level=1vs10,person3_color=black,0.0034097583168355276
person1_color=black & person1_profession=low,Interaction,0.036275513826112306,0.03538014937684546,0.03725769980638674,0.0009387752147706416,Interference (-),NEG,person1_color=black,person1_profession=low,0.0034084953784155945
person1_color=white & person1_gender=female,Interaction,0.036050071770562554,0.03520187738262765,0.036987689640224274,0.0008929061287983112,Interference (-),NEG,person1_color=white,person1_gender=female,0.003387312543952511
person3_color=black & person3_gender=female,Interaction,0.03592480716495414,0.035173259073733414,0.03668755596288381,0.0007571484445751987,Interference (-),NEG,person3_color=black,person3_gender=female,0.003375542515515643
person1_profession=low & person2_color=black,Interaction,0.03488125914298925,0.03392356004718897,0.035820090732497124,0.0009482653426540755,Synergy (+),POS,person1_profession=low,person2_color=black,0.003277489359685176
quantity_level=1vs10 & person1_profession=high,Interaction,0.03399137531613711,0.032569016598438826,0.03534528069283561,0.0013881320471983913,Synergy (+),POS,quantity_level=1vs10,person1_profession=high,0.0031938746953776797
quantity_level=1vs1 & person3_color=black,Interaction,0.0329639673896869,0.03170845611228511,0.03426855081776193,0.0012800473527384108,Synergy (+),POS,quantity_level=1vs1,person3_color=black,0.003097338084322641
quantity_level=1vs5 & person2_color=black,Interaction,0.03293854202420114,0.031680188333436075,0.03424170759697743,0.0012807596317706768,Synergy (+),POS,quantity_level=1vs5,person2_color=black,0.0030949490832689786
quantity_level=1vs10 & person1_gender=male,Interaction,0.0327849452123602,0.031270302132693654,0.03437391731739028,0.0015518075923483116,Synergy (+),POS,quantity_level=1vs10,person1_gender=male,0.003080516923167573
quantity_level=1vs10 & person2_gender=male,Interaction,0.032666594025517214,0.03125345262801254,0.03401785589107333,0.001382201631530397,Synergy (+),POS,quantity_level=1vs10,person2_gender=male,0.0030693964887247133
quantity_level=1vs10 & person2_profession=high,Interaction,0.032566735926613036,0.031196433975325094,0.034080288171227796,0.001441927097951351,Synergy (+),POS,quantity_level=1vs10,person2_profession=high,0.0030600136893453905
person2_profession=high & person3_profession=high,Interaction,0.03252472889732191,0.03149070799417732,0.03351013844125725,0.0010097152235399656,Synergy (+),POS,person2_profession=high,person3_profession=high,0.0030560666531742114
quantity_level=1vs1 & person2_color=black,Interaction,0.03230741043344203,0.030968757262617247,0.033663220221776945,0.0013472314795798489,Interference (-),NEG,quantity_level=1vs1,person2_color=black,0.0030356471221558595
person1_gender=male & person2_gender=female,Interaction,0.03193258464965206,0.031039147821699375,0.032869811146570685,0.0009153316624356551,Synergy (+),POS,person1_gender=male,person2_gender=female,0.003000427994512809
person1_profession=high & person2_profession=low,Interaction,0.03191965121193417,0.031074098647535877,0.03269833303217765,0.0008121171923208877,Interference (-),NEG,person1_profession=high,person2_profession=low,0.0029992127515558165
person2_profession=high & person2_gender=female,Interaction,0.03176627010466796,0.03091610818090864,0.032556217239054594,0.000820054529072977,Synergy (+),POS,person2_profession=high,person2_gender=female,0.0029848008593422646
person3_color=white & person3_gender=female,Interaction,0.03167128482886468,0.030796134594660268,0.03252914595729679,0.0008665056813182623,Interference (-),NEG,person3_color=white,person3_gender=female,0.002975875916882595
quantity_level=1vs10 & person3_gender=female,Interaction,0.031436303654925585,0.030104106933205445,0.03276591236727648,0.001330902717035518,Synergy (+),POS,quantity_level=1vs10,person3_gender=female,0.002953796774207308
quantity_level=1vs1 & person3_color=white,Interaction,0.03138533076315227,0.030308546928114025,0.032517138116662306,0.0011042955942741402,Synergy (+),POS,quantity_level=1vs1,person3_color=white,0.002949007293709067
person1_profession=low & person1_gender=female,Interaction,0.03132908341846881,0.030461161507039796,0.03216052178701937,0.0008496801399897874,Interference (-),NEG,person1_profession=low,person1_gender=female,0.002943722218621758
person3_color=black & person3_gender=male,Interaction,0.031170486994042065,0.030213839409500787,0.0321706846972712,0.0009784226438852052,Interference (-),NEG,person3_color=black,person3_gender=male,0.0029288202882925816
person2_gender=male & person3_gender=male,Interaction,0.030622975881396564,0.02966760206751602,0.03157982338530609,0.0009561106588950371,Synergy (+),POS,person2_gender=male,person3_gender=male,0.0028773754181791217
quantity_level=1vs10 & person3_profession=low,Interaction,0.030304893265235267,0.02893502243997723,0.03176031969304522,0.0014126486265339955,Synergy (+),POS,quantity_level=1vs10,person3_profession=low,0.002847487953804746
quantity_level=1vs5 & person2_gender=male,Interaction,0.030242931262529225,0.029038854465057832,0.031583966794265145,0.0012725561646036564,Synergy (+),POS,quantity_level=1vs5,person2_gender=male,0.002841665921872316
quantity_level=1vs5 & person3_color=black,Interaction,0.03012527031385521,0.02889564569854716,0.031407730035942216,0.0012560421686975288,Synergy (+),POS,quantity_level=1vs5,person3_color=black,0.0028306103431230303
person1_gender=female & person3_profession=high,Interaction,0.029872749345602703,0.029091233310593715,0.03069418995676177,0.0008014783230840278,Interference (-),NEG,person1_gender=female,person3_profession=high,0.0028068831381172638
person2_profession=low & person3_profession=high,Interaction,0.029848153746106193,0.028864343093595795,0.030821075922814155,0.00097836641460918,Synergy (+),POS,person2_profession=low,person3_profession=high,0.0028045721029761744
person1_profession=high & person1_gender=male,Interaction,0.02925368381046778,0.02860456703976499,0.029901211749592854,0.0006483223549139314,Interference (-),NEG,person1_profession=high,person1_gender=male,0.0027487149195895124
quantity_level=1vs5 & person3_gender=male,Interaction,0.029060795257373692,0.027743810724583592,0.030273672964739373,0.0012649311200778907,Interference (-),NEG,quantity_level=1vs5,person3_gender=male,0.002730590855381297
person1_color=black & person3_color=black,Interaction,0.028751618485347658,0.027935304767862486,0.029624443761897094,0.0008445694970173039,Synergy (+),POS,person1_color=black,person3_color=black,0.002701540195930524
person2_color=white & person2_gender=male,Interaction,0.02871120235950676,0.027722927658801556,0.029742003123987445,0.0010095377325929442,Synergy (+),POS,person2_color=white,person2_gender=male,0.0026977426431569777
person1_profession=low & person3_gender=male,Interaction,0.028478450437825136,0.027540472354400318,0.029295913956429328,0.000877720801014505,Synergy (+),POS,person1_profession=low,person3_gender=male,0.0026758729639796675
quantity_level=1vs1 & person2_profession=low,Interaction,0.028108337321093635,0.026957614777769062,0.029223910486023977,0.0011331478541274573,Synergy (+),POS,quantity_level=1vs1,person2_profession=low,0.0026410966447821646
person1_profession=low & person2_profession=low,Interaction,0.028075757334074317,0.02725544429936657,0.028837607211800207,0.0007910814562168186,Interference (-),NEG,person1_profession=low,person2_profession=low,0.0026380353860025784
person1_gender=male & person3_profession=high,Interaction,0.028073614436088214,0.02733891610641437,0.02877320576156396,0.0007171448275747946,Interference (-),NEG,person1_gender=male,person3_profession=high,0.0026378340364664405
person1_color=white & person1_profession=low,Interaction,0.027835502107491153,0.027085075240626803,0.028611549215476203,0.0007632369874246998,Interference (-),NEG,person1_color=white,person1_profession=low,0.0026154606863477542
person2_gender=male & person3_gender=female,Interaction,0.02771026908315302,0.02680874007753157,0.028699133671976976,0.0009451967972227034,Synergy (+),POS,person2_gender=male,person3_gender=female,0.002603693625328917
quantity_level=1vs10 & person2_profession=low,Interaction,0.02756533370478821,0.026365459186152667,0.0287927760394403,0.001213658426643817,Synergy (+),POS,quantity_level=1vs10,person2_profession=low,0.002590075305001508
quantity_level=1vs1 & quantity_level=1vs5,Interaction,0.027507599032108334,0.02651849826385073,0.02856905604641961,0.0010252788912844396,Synergy (+),POS,quantity_level=1vs1,quantity_level=1vs5,0.002584650478603541
person2_profession=high & person3_color=black,Interaction,0.026697392151351345,0.025848719373816203,0.02763913463139708,0.0008952076287904384,Synergy (+),POS,person2_profession=high,person3_color=black,0.0025085223657983456
person1_color=white & person2_profession=low,Interaction,0.026237618751458146,0.025465908519958322,0.0270641775335793,0.0007991345068104894,Interference (-),NEG,person1_color=white,person2_profession=low,0.0024653214475104197
quantity_level=1vs1 & person3_profession=high,Interaction,0.026121277880676207,0.025043110630603264,0.027358373300330977,0.0011576313348638564,Interference (-),NEG,quantity_level=1vs1,person3_profession=high,0.002454389905030224
person2_color=black & person2_gender=female,Interaction,0.02595145006136832,0.02511385871769715,0.026819216622265978,0.0008526789522844136,Interference (-),NEG,person2_color=black,person2_gender=female,0.00243843265794581
person1_gender=male & person3_profession=low,Interaction,0.025876007088463042,0.02508429718195053,0.026744541401581272,0.0008301221098153712,Interference (-),NEG,person1_gender=male,person3_profession=low,0.0024313439361784437
person1_profession=low & person3_color=white,Interaction,0.025203482709226992,0.0241990329018187,0.026181953851111987,0.0009914604746466445,Synergy (+),POS,person1_profession=low,person3_color=white,0.002368152653775496
quantity_level=1vs10 & person2_gender=female,Interaction,0.025170599848340792,0.024078648305650197,0.02621790319262829,0.001069627443489046,Synergy (+),POS,quantity_level=1vs10,person2_gender=female,0.0023650629365657835
person2_color=white & person3_gender=male,Interaction,0.025070427303928142,0.02436606027151354,0.025796065239735832,0.0007150024841111463,Synergy (+),POS,person2_color=white,person3_gender=male,0.0023556505914695477
person1_color=white & person2_profession=high,Interaction,0.02490534864809983,0.024135133987443363,0.025789362497960062,0.0008271142552583495,Synergy (+),POS,person1_color=white,person2_profession=high,0.002340139582082802
person1_profession=low & person2_profession=high,Interaction,0.02489096597960859,0.024193650619423444,0.0255557356291398,0.0006810425048581776,Interference (-),NEG,person1_profession=low,person2_profession=high,0.0023387881674807464
person1_profession=low & person2_color=white,Interaction,0.024741395632942052,0.024119376266030328,0.025372850006574525,0.0006267368702720984,Synergy (+),POS,person1_profession=low,person2_color=white,0.002324734339385996
quantity_level=1vs1 & person2_color=white,Interaction,0.024697943263991808,0.023675112445005714,0.02572768361643703,0.0010262855857156583,Interference (-),NEG,quantity_level=1vs1,person2_color=white,0.002320651497184006
quantity_level=1vs5 & person1_color=white,Interaction,0.024590448848587,0.023185674875303163,0.025850466707550562,0.0013323959161236996,Synergy (+),POS,quantity_level=1vs5,person1_color=white,0.0023105511793809533
person3_profession=low & person3_gender=male,Interaction,0.02433270142145362,0.023141151381681067,0.02552978956003912,0.0011943190891790263,Interference (-),NEG,person3_profession=low,person3_gender=male,0.0022863328893687456
quantity_level=1vs10 & person1_gender=female,Interaction,0.024053794882417125,0.023004836338698365,0.025191328357286043,0.0010932460092938391,Synergy (+),POS,quantity_level=1vs10,person1_gender=female,0.002260126461146316
person1_gender=female & person2_gender=female,Interaction,0.02393950892587659,0.023249634216796572,0.024633267761270023,0.0006918167722367256,Synergy (+),POS,person1_gender=female,person2_gender=female,0.0022493880011329437
person2_color=black & person3_gender=female,Interaction,0.023769513668509823,0.022998988530038733,0.02451593635876552,0.0007584739143633931,Synergy (+),POS,person2_color=black,person3_gender=female,0.0022334150213465047
quantity_level=1vs5 & person1_profession=high,Interaction,0.023693571592267832,0.02261550078508316,0.024892694444976705,0.0011385968299467732,Interference (-),NEG,quantity_level=1vs5,person1_profession=high,0.002226279403167837
quantity_level=1vs10 & person1_color=white,Interaction,0.023581206337232843,0.0225017895598308,0.024569242515806982,0.0010337264779880905,Interference (-),NEG,quantity_level=1vs10,person1_color=white,0.00221572141481467
person2_profession=low & person3_profession=low,Interaction,0.023579015924567844,0.022732937730019824,0.02441331580370253,0.0008401890368413528,Synergy (+),POS,person2_profession=low,person3_profession=low,0.0022155156007363013
quantity_level=1vs2 & person3_profession=high,Interaction,0.023577571164679643,0.02244454524480132,0.024654285776653722,0.0011048702659262003,Synergy (+),POS,quantity_level=1vs2,person3_profession=high,0.0022153798491815345
quantity_level=1vs2 & person1_profession=low,Interaction,0.023512061751886953,0.022392481671579624,0.02451735021947447,0.001062434273947423,Synergy (+),POS,quantity_level=1vs2,person1_profession=low,0.002209224497893695
person2_profession=high & person3_gender=female,Interaction,0.02341586186066006,0.022654155425695443,0.02418181883439644,0.0007638317043504993,Synergy (+),POS,person2_profession=high,person3_gender=female,0.00220018542855831
person1_gender=female & person3_color=black,Interaction,0.023413402929255273,0.022682598597483776,0.024195812032442053,0.0007566067174791385,Synergy (+),POS,person1_gender=female,person3_color=black,0.00219995438410311
person2_gender=male & person3_color=white,Interaction,0.023353598707398254,0.022510930929278146,0.02426573587237023,0.0008774024715460429,Interference (-),NEG,person2_gender=male,person3_color=white,0.002194335100120352
quantity_level=1vs1 & person3_gender=male,Interaction,0.023332534301770822,0.02227395954270263,0.024452176667802337,0.001089108562549854,Interference (-),NEG,quantity_level=1vs1,person3_gender=male,0.002192355860637368
quantity_level=1vs1 & person1_profession=high,Interaction,0.023315825971446772,0.022455488905366323,0.024209748539813235,0.0008771298172234564,Interference (-),NEG,quantity_level=1vs1,person1_profession=high,0.002190785923765803
person1_gender=male & person2_profession=high,Interaction,0.023082145739406288,0.022191727414023386,0.024034821808671135,0.0009215471973238742,Interference (-),NEG,person1_gender=male,person2_profession=high,0.0021688290193162866
person1_gender=female & person2_gender=male,Interaction,0.023079505082832873,0.022404460144611858,0.02377118782247437,0.0006833638389312554,Synergy (+),POS,person1_gender=female,person2_gender=male,0.0021685808997232844
person1_color=black & person2_profession=high,Interaction,0.02291982898978031,0.02219940217430671,0.023721485589266032,0.0007610417074796604,Interference (-),NEG,person1_color=black,person2_profession=high,0.0021535775222984456
person2_color=black & person2_gender=male,Interaction,0.022812210004705145,0.02210463855409165,0.023530884175236057,0.0007131228105722032,Synergy (+),POS,person2_color=black,person2_gender=male,0.002143465499763994
person1_color=black & person1_gender=female,Interaction,0.022573153503998675,0.022010591683579744,0.02322198182908477,0.0006056950727525122,Interference (-),NEG,person1_color=black,person1_gender=female,0.0021210034339819877
person1_color=black & person3_gender=male,Interaction,0.022366320453808458,0.02163551635039266,0.023122555549454846,0.000743519599531093,Synergy (+),POS,person1_color=black,person3_gender=male,0.0021015691263369923
quantity_level=1vs5 & person2_profession=low,Interaction,0.022315604056653185,0.02127634124632744,0.023300776945390702,0.0010122178495316318,Synergy (+),POS,quantity_level=1vs5,person2_profession=low,0.0020968037464131604
person3_profession=high & person3_gender=male,Interaction,0.0221797252126637,0.021404523394827273,0.022971253868701382,0.0007833652369370545,Interference (-),NEG,person3_profession=high,person3_gender=male,0.0020840363900641173
person1_gender=male & person2_profession=low,Interaction,0.022131641524513412,0.02137512290073864,0.022890790507017207,0.0007578338031392837,Interference (-),NEG,person1_gender=male,person2_profession=low,0.0020795183829692195
person3_profession=high & person3_gender=female,Interaction,0.02210731357957744,0.02140919806621528,0.02286393671404937,0.0007273693239170445,Interference (-),NEG,person3_profession=high,person3_gender=female,0.0020772324970055336
quantity_level=1vs5 & person1_gender=female,Interaction,0.022097273684127075,0.021138239775190283,0.023067211671541472,0.0009644859481755946,Synergy (+),POS,quantity_level=1vs5,person1_gender=female,0.002076289135116674
person1_gender=female & person2_profession=high,Interaction,0.021943103989468155,0.021168530833618915,0.022691248503932282,0.0007613588351566836,Interference (-),NEG,person1_gender=female,person2_profession=high,0.0020618031461860802
person1_profession=high & person3_profession=high,Interaction,0.021912420110989136,0.02128946201922457,0.022542387969211153,0.0006264629749932922,Interference (-),NEG,person1_profession=high,person3_profession=high,0.002058920048279075
person1_gender=male & person3_gender=male,Interaction,0.021896829147528135,0.021003327393594874,0.0227213670729069,0.0008590198396560122,Synergy (+),POS,person1_gender=male,person3_gender=male,0.0020574551006795287
quantity_level=1vs10 & person3_profession=high,Interaction,0.021764254520044074,0.020826526819866686,0.022736083095945984,0.000954778138039649,Synergy (+),POS,quantity_level=1vs10,person3_profession=high,0.002044998212894543
quantity_level=1vs5 & person1_gender=male,Interaction,0.02170147882825528,0.02073260550012293,0.022663086031495135,0.0009652402656861025,Synergy (+),POS,quantity_level=1vs5,person1_gender=male,0.0020390997256569915
person2_profession=high & person2_gender=male,Interaction,0.021697875086902876,0.021006725780015268,0.022398357055830816,0.0006958156379077741,Synergy (+),POS,person2_profession=high,person2_gender=male,0.0020387611133411586
person1_profession=low & person1_gender=male,Interaction,0.021697586931713687,0.021095704878128816,0.02233742277870337,0.0006208589502872761,Interference (-),NEG,person1_profession=low,person1_gender=male,0.002038734037897505
person1_gender=male & person2_gender=male,Interaction,0.02166785353039863,0.021054968954236614,0.022264668115286886,0.000604849580525136,Synergy (+),POS,person1_gender=male,person2_gender=male,0.0020359402480851054
person1_color=black & person2_gender=female,Interaction,0.021615966230104974,0.020893105419162596,0.022280729970612735,0.0006938122757250698,Synergy (+),POS,person1_color=black,person2_gender=female,0.0020310648485498384
quantity_level=1vs2 & person1_color=white,Interaction,0.021606077705249516,0.020563971025919767,0.022602584404367524,0.0010193066892238787,Synergy (+),POS,quantity_level=1vs2,person1_color=white,0.0020301357096427857
quantity_level=1vs5 & person3_gender=female,Interaction,0.0215725452361657,0.020625868235837376,0.022465496320227797,0.0009198140421952106,Interference (-),NEG,quantity_level=1vs5,person3_gender=female,0.002026984954385481
quantity_level=1vs5 & person2_gender=female,Interaction,0.021541518920073305,0.02062797901215805,0.02255973009448983,0.0009658755411658896,Synergy (+),POS,quantity_level=1vs5,person2_gender=female,0.00202406968058627
quantity_level=1vs1 & person3_gender=female,Interaction,0.021404444465872564,0.020503676768583213,0.02232056137693563,0.0009084423041762092,Interference (-),NEG,quantity_level=1vs1,person3_gender=female,0.0020111899831164646
quantity_level=1vs5 & person1_color=black,Interaction,0.021362546625035346,0.020334213842612595,0.0223362107979949,0.0010009984776911535,Synergy (+),POS,quantity_level=1vs5,person1_color=black,0.0020072532064371925
person1_profession=high & person2_color=black,Interaction,0.02129541238297236,0.02071147664866699,0.021846779516816097,0.000567651434074553,Synergy (+),POS,person1_profession=high,person2_color=black,0.0020009451840366827
quantity_level=1vs5 & person2_profession=high,Interaction,0.021285765259065646,0.020264079280918924,0.022234375055134422,0.0009851478871077488,Synergy (+),POS,quantity_level=1vs5,person2_profession=high,0.002000038727482858
quantity_level=1vs2 & person2_profession=low,Interaction,0.021197368915632477,0.0201056834219071,0.022266311004147485,0.001080313791120193,Synergy (+),POS,quantity_level=1vs2,person2_profession=low,0.0019917328898452417
person1_gender=male & person3_color=black,Interaction,0.02118834016456596,0.02053668120695508,0.021839129678477617,0.0006512242357612687,Synergy (+),POS,person1_gender=male,person3_color=black,0.00199088453642341
quantity_level=1vs1 & person1_gender=male,Interaction,0.021033752262573112,0.020175214296675237,0.02194802448395496,0.0008864050936398613,Synergy (+),POS,quantity_level=1vs1,person1_gender=male,0.0019763592521772006
person2_color=black & person3_gender=male,Interaction,0.020890003121191818,0.020189158545077017,0.0216145582180711,0.0007126998364970407,Synergy (+),POS,person2_color=black,person3_gender=male,0.001962852392249646
person1_profession=high & person2_gender=male,Interaction,0.020869217099540004,0.020141133247118907,0.021609126857948868,0.0007339968054149801,Interference (-),NEG,person1_profession=high,person2_gender=male,0.001960899310094133
quantity_level=1vs1 & quantity_level=1vs10,Interaction,0.020581735422490016,0.019920555711676613,0.021170542829572866,0.0006249935589481264,Synergy (+),POS,quantity_level=1vs1,quantity_level=1vs10,0.001933887150533799
person1_color=white & person3_profession=low,Interaction,0.020544398471505805,0.01974674385058212,0.021290075588324117,0.000771665868870999,Interference (-),NEG,person1_color=white,person3_profession=low,0.001930378921112602
quantity_level=1vs1 & person1_profession=low,Interaction,0.02046882746007174,0.01965852112508825,0.021372830744049904,0.0008571548094808267,Interference (-),NEG,quantity_level=1vs1,person1_profession=low,0.0019232781686752984
quantity_level=1vs1 & person1_color=black,Interaction,0.020382274507966022,0.019610960840278024,0.021226946898682885,0.0008079930292024303,Interference (-),NEG,quantity_level=1vs1,person1_color=black,0.0019151455385310438
person2_color=black & person2_profession=high,Interaction,0.020316717751018606,0.019665142959599875,0.02096430520435416,0.0006495811223771429,Synergy (+),POS,person2_color=black,person2_profession=high,0.0019089857387236504
quantity_level=1vs1 & person1_color=white,Interaction,0.019928377086227196,0.019152770310618256,0.020759411698830332,0.000803320694106038,Synergy (+),POS,quantity_level=1vs1,person1_color=white,0.0018724967349417233
person1_color=white & person3_gender=male,Interaction,0.01970655254309511,0.019149691906354523,0.0203577517859277,0.0006040299397865895,Synergy (+),POS,person1_color=white,person3_gender=male,0.0018516538067420236
person1_gender=male & person3_color=white,Interaction,0.01962795453501217,0.01893045939101799,0.02032832821160956,0.0006989344102957852,Synergy (+),POS,person1_gender=male,person3_color=white,0.0018442686336859627
person2_profession=high & person3_gender=male,Interaction,0.019520394801587848,0.01886461400248027,0.02015900133328018,0.0006471936653999547,Synergy (+),POS,person2_profession=high,person3_gender=male,0.0018341621785151884
quantity_level=1vs2 & person3_color=white,Interaction,0.01927939406460221,0.018580412126273236,0.020050515219601547,0.0007350515466641554,Interference (-),NEG,quantity_level=1vs2,person3_color=white,0.0018115174297144423
person2_color=white & person2_profession=high,Interaction,0.01920532802912216,0.018637006988125142,0.019752718065849138,0.0005578555388619979,Interference (-),NEG,person2_color=white,person2_profession=high,0.0018045580868132926
person2_profession=low & person3_gender=male,Interaction,0.01918772035590043,0.018515079643485054,0.019809360065783026,0.0006471402111489864,Synergy (+),POS,person2_profession=low,person3_gender=male,0.001802903646490583
person1_color=white & person2_gender=male,Interaction,0.01914594881251793,0.018514185248210024,0.01982021097444492,0.000653012863117447,Synergy (+),POS,person1_color=white,person2_gender=male,0.00179897873688762
person3_profession=low & person3_gender=female,Interaction,0.01910697374091765,0.018444043746948365,0.01977503972152113,0.0006654979872863821,Interference (-),NEG,person3_profession=low,person3_gender=female,0.00179531658748128
quantity_level=1vs10 & person1_color=black,Interaction,0.019032825144226613,0.01814598800238588,0.019892320355760735,0.0008731661766874267,Synergy (+),POS,quantity_level=1vs10,person1_color=black,0.0017883494870192744
person2_profession=low & person2_gender=female,Interaction,0.01886559959314066,0.01835700925278402,0.019331709080588583,0.00048734991390228175,Synergy (+),POS,person2_profession=low,person2_gender=female,0.0017726367525074565
person1_color=white & person3_gender=female,Interaction,0.018864120646230467,0.01837158143858856,0.019368814712613838,0.0004986166370126392,Synergy (+),POS,person1_color=white,person3_gender=female,0.0017724977886947736
person1_profession=high & person3_gender=male,Interaction,0.0187976610130943,0.018143114485544762,0.019422145707072694,0.0006395156107639657,Synergy (+),POS,person1_profession=high,person3_gender=male,0.0017662531534435215
person1_profession=high & person1_gender=female,Interaction,0.018729633024612356,0.0182531766031128,0.01922146187824285,0.000484142637565025,Interference (-),NEG,person1_profession=high,person1_gender=female,0.0017598611534444283
quantity_level=1vs1 & person3_profession=low,Interaction,0.018688408419446217,0.01790726011413766,0.019606709194529545,0.0008497245401959432,Interference (-),NEG,quantity_level=1vs1,person3_profession=low,0.001755987634881484
person2_color=black & person2_profession=low,Interaction,0.018624633445109368,0.018101649752390325,0.01914349528075447,0.0005209227641820736,Interference (-),NEG,person2_color=black,person2_profession=low,0.001749995253730724
person2_profession=low & person2_gender=male,Interaction,0.01846043263217388,0.01788428649749773,0.0189941571534322,0.0005549353279672344,Synergy (+),POS,person2_profession=low,person2_gender=male,0.0017345667276261589
person2_profession=high & person3_profession=low,Interaction,0.018362682434709714,0.017635999211501177,0.01901512677985441,0.0006895637841766167,Synergy (+),POS,person2_profession=high,person3_profession=low,0.0017253819894610999
person1_gender=female & person2_color=black,Interaction,0.018320471528636653,0.017700940971488097,0.018952528002132513,0.000625793515322208,Interference (-),NEG,person1_gender=female,person2_color=black,0.0017214157967571607
person2_profession=high & person3_color=white,Interaction,0.01829975461014525,0.017627174810767737,0.018998529040688727,0.0006856771149604951,Synergy (+),POS,person2_profession=high,person3_color=white,0.001719469207626227
person1_gender=female & person2_profession=low,Interaction,0.018225442300301136,0.01755859511823344,0.018931928680599383,0.0006866667811829714,Interference (-),NEG,person1_gender=female,person2_profession=low,0.0017124867244592834
person2_gender=female & person3_gender=male,Interaction,0.01822204700826045,0.017584681654215617,0.01886994952120169,0.0006426339334930364,Interference (-),NEG,person2_gender=female,person3_gender=male,0.001712167698317172
person1_color=white & person2_gender=female,Interaction,0.01820588972199958,0.01768763957310417,0.018771254354040583,0.0005418073904682064,Synergy (+),POS,person1_color=white,person2_gender=female,0.0017106495382764376
quantity_level=1vs2 & person3_color=black,Interaction,0.01813597578528177,0.017431935781992706,0.01887486765627607,0.000721465937141683,Interference (-),NEG,quantity_level=1vs2,person3_color=black,0.00170408033208044
quantity_level=1vs5 & person1_profession=low,Interaction,0.018116801952628356,0.017319856693309897,0.018961191577274952,0.0008206674419825276,Interference (-),NEG,quantity_level=1vs5,person1_profession=low,0.0017022787333408893
person2_profession=low & person3_color=black,Interaction,0.01806529651341977,0.017485483522539466,0.01869429056880691,0.000604403523133722,Synergy (+),POS,person2_profession=low,person3_color=black,0.0016974392139795023
person3_color=black & person3_profession=high,Interaction,0.01799749463554511,0.017441888072000502,0.018527972628060357,0.0005430422780299277,Synergy (+),POS,person3_color=black,person3_profession=high,0.0016910684596328795
person1_gender=female & person3_profession=low,Interaction,0.01776287235085482,0.01717740238883872,0.018366436649835317,0.0005945171304982989,Interference (-),NEG,person1_gender=female,person3_profession=low,0.0016690230386672777
person2_gender=female & person3_color=black,Interaction,0.017704428901171607,0.0171275059547268,0.01831151201784108,0.0005920030315571412,Synergy (+),POS,person2_gender=female,person3_color=black,0.0016635316146422787
person1_profession=low & person2_gender=male,Interaction,0.01767722000577323,0.0170584869735401,0.018271959409253177,0.0006067362178565384,Interference (-),NEG,person1_profession=low,person2_gender=male,0.0016609750307531649
person2_color=white & person2_gender=female,Interaction,0.017474515464488583,0.016917176742849847,0.018049868695278637,0.0005663459762143951,Interference (-),NEG,person2_color=white,person2_gender=female,0.0016419286432791098
person2_gender=female & person3_profession=high,Interaction,0.017280552545188132,0.016755119018835838,0.017798882841551157,0.0005218819113576596,Synergy (+),POS,person2_gender=female,person3_profession=high,0.0016237036301975946
person1_profession=high & person3_gender=female,Interaction,0.017149264558534896,0.01649963696301681,0.017794490525553878,0.0006474267812685338,Interference (-),NEG,person1_profession=high,person3_gender=female,0.0016113676368910872
person2_color=white & person2_profession=low,Interaction,0.017048829566763006,0.016496104720687636,0.017581154049476192,0.0005425246643942783,Interference (-),NEG,person2_color=white,person2_profession=low,0.0016019306318929864
quantity_level=1vs2 & person2_profession=high,Interaction,0.016987092749127217,0.016097486320316875,0.01793124739042811,0.000916880535055618,Synergy (+),POS,quantity_level=1vs2,person2_profession=high,0.0015961297586483407
person1_profession=low & person3_color=black,Interaction,0.016978149230222006,0.016330983129807075,0.01758130099432874,0.0006251589322608317,Interference (-),NEG,person1_profession=low,person3_color=black,0.0015952894137533982
person1_color=black & person2_profession=low,Interaction,0.016942447436298975,0.01642794254203504,0.017505272379718502,0.0005386649188417313,Synergy (+),POS,person1_color=black,person2_profession=low,0.001591934825857797
person2_profession=low & person3_color=white,Interaction,0.0167743449639633,0.01628917909660999,0.017360473698502202,0.000535647300946105,Synergy (+),POS,person2_profession=low,person3_color=white,0.0015761396946626068
person3_color=white & person3_profession=low,Interaction,0.0167339273273937,0.01622759841080617,0.017239191239913364,0.0005057964145535974,Synergy (+),POS,person3_color=white,person3_profession=low,0.0015723419999389887
quantity_level=1vs1 & person2_gender=male,Interaction,0.016718556855211668,0.016046618450462333,0.0174371829431391,0.0006952822463383839,Interference (-),NEG,quantity_level=1vs1,person2_gender=male,0.0015708977699923734
person1_profession=low & person2_gender=female,Interaction,0.01670817374306112,0.016171370049393397,0.01723910082780884,0.0005338653892077213,Interference (-),NEG,person1_profession=low,person2_gender=female,0.0015699221590072786
person1_profession=high & person2_gender=female,Interaction,0.016604113720486317,0.015967580827668047,0.017209523148725297,0.0006209711605286248,Interference (-),NEG,person1_profession=high,person2_gender=female,0.0015601445413083467
person2_gender=male & person3_profession=high,Interaction,0.01654897645891976,0.01606079556514868,0.01707589060787679,0.0005075475213640549,Synergy (+),POS,person2_gender=male,person3_profession=high,0.0015549637711026105
person1_profession=high & person3_color=white,Interaction,0.016543381967787298,0.01589240988293369,0.017182546094735202,0.0006450681059007556,Interference (-),NEG,person1_profession=high,person3_color=white,0.0015544381052978202
person2_color=black & person3_profession=high,Interaction,0.01637763894829483,0.015851939419828126,0.01690591676443489,0.0005269886723033822,Synergy (+),POS,person2_color=black,person3_profession=high,0.001538864671420281
person2_profession=low & person3_gender=female,Interaction,0.016066460242022573,0.015571368861973259,0.016552841918015374,0.0004907365280210577,Synergy (+),POS,person2_profession=low,person3_gender=female,0.0015096259075732794
quantity_level=1vs2 & person2_gender=female,Interaction,0.01603524836603474,0.015245106085638173,0.01675016736721983,0.0007525306407908288,Interference (-),NEG,quantity_level=1vs2,person2_gender=female,0.0015066931983202508
quantity_level=1vs2 & person2_gender=male,Interaction,0.016002961057372905,0.015287669670662559,0.016697128249834034,0.0007047292895857376,Interference (-),NEG,quantity_level=1vs2,person2_gender=male,0.0015036594399872088
person3_color=black & person3_profession=low,Interaction,0.015972369736691788,0.015400964586398332,0.016484483870149752,0.0005417596418757099,Synergy (+),POS,person3_color=black,person3_profession=low,0.001500785038933621
person1_gender=male & person2_color=white,Interaction,0.015841111837579903,0.015210814157700783,0.016494060737613885,0.000641623289956551,Synergy (+),POS,person1_gender=male,person2_color=white,0.0014884518726923934
quantity_level=1vs2 & person1_profession=high,Interaction,0.015819235878199656,0.015066253364374688,0.016532567158471057,0.0007331568970481844,Synergy (+),POS,quantity_level=1vs2,person1_profession=high,0.0014863963785427198
person2_gender=male & person3_color=black,Interaction,0.01569850814585492,0.015166273788569126,0.01623249885905583,0.0005331125352433528,Interference (-),NEG,person2_gender=male,person3_color=black,0.0014750526407333487
person2_gender=female & person3_gender=female,Interaction,0.015599337374689293,0.015106011483999583,0.01607226025289441,0.0004831243844474146,Synergy (+),POS,person2_gender=female,person3_gender=female,0.0014657344235796987
quantity_level=1vs2 & person1_color=black,Interaction,0.01557893677313737,0.014743336377914898,0.016370476546501235,0.0008135700842931684,Synergy (+),POS,quantity_level=1vs2,person1_color=black,0.001463817556007817
person2_color=white & person3_profession=low,Interaction,0.015530508028297637,0.015014263120649749,0.016055538081759843,0.0005206374805550472,Synergy (+),POS,person2_color=white,person3_profession=low,0.0014592671269288528
quantity_level=1vs1 & person2_gender=female,Interaction,0.01550319810312603,0.014932839983721894,0.016128721230235454,0.0005979406232567803,Synergy (+),POS,quantity_level=1vs1,person2_gender=female,0.0014567010501482867
person1_profession=low & person3_profession=low,Interaction,0.015367412768598368,0.014833806882158199,0.01589817548829966,0.0005321843030707315,Interference (-),NEG,person1_profession=low,person3_profession=low,0.0014439424800722649
quantity_level=1vs2 & person3_gender=female,Interaction,0.015317741234123692,0.014659338970300223,0.01594531161881604,0.0006429863242579086,Interference (-),NEG,quantity_level=1vs2,person3_gender=female,0.0014392752768313318
person1_color=black & person3_profession=high,Interaction,0.014955410823590781,0.014407220402797573,0.015463206015072829,0.0005279928061376277,Interference (-),NEG,person1_color=black,person3_profession=high,0.001405230231027684
person1_profession=low & person3_profession=high,Interaction,0.014702021089351041,0.014254674309588381,0.015140702734849283,0.00044301421263045083,Interference (-),NEG,person1_profession=low,person3_profession=high,0.0013814213956178211
person1_gender=male & person3_gender=female,Interaction,0.014655956724911073,0.01414935207459658,0.015165518988686844,0.0005080834570451321,Interference (-),NEG,person1_gender=male,person3_gender=female,0.0013770931268562562
person1_profession=high & person3_color=black,Interaction,0.01454717589702151,0.01408617245578973,0.015012906728891991,0.00046336713655113076,Interference (-),NEG,person1_profession=high,person3_color=black,0.0013668719360304241
quantity_level=1vs1 & person1_gender=female,Interaction,0.014539359313576184,0.013986561736913308,0.015137633058638415,0.0005755356608625533,Synergy (+),POS,quantity_level=1vs1,person1_gender=female,0.0013661374794855464
person3_color=white & person3_profession=high,Interaction,0.014523717842920541,0.014068212958686552,0.014973912140399082,0.0004528495908562649,Synergy (+),POS,person3_color=white,person3_profession=high,0.001364667786163022
person2_gender=female & person3_color=white,Interaction,0.014291048353104274,0.013821565686710151,0.014788193741502047,0.0004833140273959478,Interference (-),NEG,person2_gender=female,person3_color=white,0.0013428058523930805
person2_gender=female & person3_profession=low,Interaction,0.014118750562707663,0.013670892965589371,0.014560342402694984,0.0004447247185528063,Synergy (+),POS,person2_gender=female,person3_profession=low,0.0013266165235501263
person2_color=black & person3_profession=low,Interaction,0.013889400413148442,0.013247134798344565,0.014480700335545932,0.0006167827686006837,Synergy (+),POS,person2_color=black,person3_profession=low,0.0013050664793919976
person1_color=white & person3_profession=high,Interaction,0.013885501512804413,0.013398797762402612,0.014354322448283083,0.00047776234294023574,Interference (-),NEG,person1_color=white,person3_profession=high,0.0013047001335459475
quantity_level=1vs2 & person3_gender=male,Interaction,0.013824598383814163,0.013208480578913129,0.014452424416398359,0.0006219719187426148,Interference (-),NEG,quantity_level=1vs2,person3_gender=male,0.0012989775947918614
person1_color=black & person2_gender=male,Interaction,0.013590233849340553,0.013165608512670462,0.014036010722166264,0.00043520110474790097,Synergy (+),POS,person1_color=black,person2_gender=male,0.001276956392378381
person1_gender=female & person3_gender=male,Interaction,0.013559579500278467,0.013087245850361409,0.014012461128068537,0.0004626076388535641,Interference (-),NEG,person1_gender=female,person3_gender=male,0.0012740760690945453
person2_color=white & person3_profession=high,Interaction,0.013480010872393393,0.013026793367008823,0.013923952140234945,0.0004485793866130612,Synergy (+),POS,person2_color=white,person3_profession=high,0.001266599695314888
quantity_level=1vs2 & person3_profession=low,Interaction,0.013475878793066165,0.012832188653152036,0.014151151017930793,0.0006594811823893787,Synergy (+),POS,quantity_level=1vs2,person3_profession=low,0.001266211439662394
person1_gender=male & person2_color=black,Interaction,0.013377815516495558,0.01292257949851297,0.013839967131662667,0.00045869381657484814,Synergy (+),POS,person1_gender=male,person2_color=black,0.0012569972841693683
person1_gender=female & person3_color=white,Interaction,0.013340203286631463,0.012957180201215895,0.01375393220408349,0.0003983760014337973,Synergy (+),POS,person1_gender=female,person3_color=white,0.0012534631891796127
person1_profession=high & person2_color=white,Interaction,0.013257090096661046,0.012883357221951145,0.013623256201238589,0.0003699494896437219,Interference (-),NEG,person1_profession=high,person2_color=white,0.0012456537636465245
person1_gender=female & person3_gender=female,Interaction,0.01323624312735109,0.012800020954714253,0.013675080172176288,0.0004375296087310177,Synergy (+),POS,person1_gender=female,person3_gender=female,0.001243694954768239
person1_profession=low & person3_gender=female,Interaction,0.012844670807456913,0.012386696538141614,0.01330627889976577,0.0004597911808120782,Synergy (+),POS,person1_profession=low,person3_gender=female,0.0012069023003878608
person1_profession=high & person3_profession=low,Interaction,0.01270327841335671,0.012295434300244783,0.013129473927717326,0.0004170198137362713,Interference (-),NEG,person1_profession=high,person3_profession=low,0.001193616883559754
person1_color=black & person3_gender=female,Interaction,0.012683172975629849,0.012298603378875221,0.013075701911594951,0.0003885492663598649,Synergy (+),POS,person1_color=black,person3_gender=female,0.0011917277499722456
person1_gender=female & person2_color=white,Interaction,0.012033910764070864,0.011647963674483333,0.012451952032637206,0.0004019941790769366,Synergy (+),POS,person1_gender=female,person2_color=white,0.0011307222116885758
person1_color=black & person3_profession=low,Interaction,0.011570698071010403,0.011194498437416963,0.0119376756948734,0.00037158862872821875,Interference (-),NEG,person1_color=black,person3_profession=low,0.0010871981328543427
person2_color=white & person3_gender=female,Interaction,0.011317101885525954,0.010964187294875301,0.011712715325905825,0.00037426401551526184,Interference (-),NEG,person2_color=white,person3_gender=female,0.0010633698990117843
person2_gender=male & person3_profession=low,Interaction,0.011188243665447411,0.010819156705015905,0.011545549504352264,0.0003631963996681793,Synergy (+),POS,person2_gender=male,person3_profession=low,0.0010512622097943703
quantity_level=1vs2 & person2_color=white,Interaction,0.0110998592749354,0.010616316717708818,0.011572023523102428,0.000477853402696805,Interference (-),NEG,quantity_level=1vs2,person2_color=white,0.0010429574952690748
quantity_level=1vs2 & person1_gender=male,Interaction,0.010903759919162804,0.0104277696612701,0.011401879334060516,0.0004870548363952081,Synergy (+),POS,quantity_level=1vs2,person1_gender=male,0.001024531739783841
quantity_level=1vs2 & person2_color=black,Interaction,0.009660899238445732,0.009200180097138494,0.010106226815961255,0.0004530233594113803,Interference (-),NEG,quantity_level=1vs2,person2_color=black,0.0009077509022595167
quantity_level=1vs10 & quantity_level=1vs2,Interaction,0.006414147330305851,0.0061648279504442,0.006696095526305397,0.0002656337879305983,Synergy (+),POS,quantity_level=1vs10,quantity_level=1vs2,0.0006026817879582123
quantity_level=1vs2 & person1_gender=female,Interaction,0.005539947503884732,0.005284240363066329,0.005789252928332991,0.00025250628263333123,Synergy (+),POS,quantity_level=1vs2,person1_gender=female,0.0005205408131273277
quantity_level=1vs2 & quantity_level=1vs5,Interaction,0.0020399670166595316,0.0019495637926605482,0.0021344416596097916,9.243893347462174e-05,Synergy (+),POS,quantity_level=1vs2,quantity_level=1vs5,0.0001916780057681528
